Month,Michigan-Huron
1918-01-01,579.76
1918-02-01,579.82
1918-03-01,580.05
1918-04-01,580.35
1918-05-01,580.68
1918-06-01,580.94
1918-07-01,580.94
1918-08-01,580.74
1918-09-01,580.51
1918-10-01,580.15
1918-11-01,580.12
1918-12-01,579.99
1919-01-01,579.86
1919-02-01,579.66
1919-03-01,579.66
1919-04-01,579.95
1919-05-01,580.35
1919-06-01,580.45
1919-07-01,580.31
1919-08-01,580.15
1919-09-01,579.79
1919-10-01,579.59
1919-11-01,579.46
1919-12-01,579.23
1920-01-01,579.07
1920-02-01,578.97
1920-03-01,579.04
1920-04-01,579.49
1920-05-01,579.66
1920-06-01,579.82
1920-07-01,580.02
1920-08-01,579.92
1920-09-01,579.82
1920-10-01,579.56
1920-11-01,579.3
1920-12-01,579.07
1921-01-01,578.87
1921-02-01,578.81
1921-03-01,578.81
1921-04-01,579.2
1921-05-01,579.49
1921-06-01,579.53
1921-07-01,579.4
1921-08-01,579.2
1921-09-01,579.07
1921-10-01,578.87
1921-11-01,578.58
1921-12-01,578.54
1922-01-01,578.31
1922-02-01,578.22
1922-03-01,578.35
1922-04-01,578.84
1922-05-01,579.3
1922-06-01,579.49
1922-07-01,579.63
1922-08-01,579.49
1922-09-01,579.27
1922-10-01,578.94
1922-11-01,578.58
1922-12-01,578.25
1923-01-01,577.95
1923-02-01,577.85
1923-03-01,577.92
1923-04-01,578.15
1923-05-01,578.54
1923-06-01,578.77
1923-07-01,578.81
1923-08-01,578.74
1923-09-01,578.61
1923-10-01,578.38
1923-11-01,578.02
1923-12-01,577.79
1924-01-01,577.62
1924-02-01,577.59
1924-03-01,577.62
1924-04-01,577.79
1924-05-01,578.22
1924-06-01,578.35
1924-07-01,578.51
1924-08-01,578.67
1924-09-01,578.51
1924-10-01,578.22
1924-11-01,577.82
1924-12-01,577.56
1925-01-01,577.26
1925-02-01,577.17
1925-03-01,577.23
1925-04-01,577.3
1925-05-01,577.36
1925-06-01,577.43
1925-07-01,577.53
1925-08-01,577.4
1925-09-01,577.17
1925-10-01,576.9
1925-11-01,576.64
1925-12-01,576.57
1926-01-01,576.41
1926-02-01,576.31
1926-03-01,576.41
1926-04-01,576.74
1926-05-01,577.03
1926-06-01,577.4
1926-07-01,577.49
1926-08-01,577.53
1926-09-01,577.49
1926-10-01,577.33
1926-11-01,577.2
1926-12-01,577.26
1927-01-01,577.17
1927-02-01,577.23
1927-03-01,577.43
1927-04-01,577.69
1927-05-01,578.08
1927-06-01,578.41
1927-07-01,578.54
1927-08-01,578.44
1927-09-01,578.15
1927-10-01,578.12
1927-11-01,577.89
1927-12-01,577.82
1928-01-01,577.76
1928-02-01,577.79
1928-03-01,577.92
1928-04-01,578.38
1928-05-01,578.87
1928-06-01,579.07
1928-07-01,579.36
1928-08-01,579.46
1928-09-01,579.4
1928-10-01,579.43
1928-11-01,579.56
1928-12-01,579.59
1929-01-01,579.56
1929-02-01,579.49
1929-03-01,579.56
1929-04-01,580.25
1929-05-01,580.94
1929-06-01,581.2
1929-07-01,581.3
1929-08-01,581.14
1929-09-01,580.81
1929-10-01,580.38
1929-11-01,580.12
1929-12-01,579.66
1930-01-01,579.53
1930-02-01,579.53
1930-03-01,579.59
1930-04-01,579.69
1930-05-01,579.92
1930-06-01,580.02
1930-07-01,580.18
1930-08-01,580.05
1930-09-01,579.69
1930-10-01,579.3
1930-11-01,578.81
1930-12-01,578.44
1931-01-01,578.12
1931-02-01,577.99
1931-03-01,577.95
1931-04-01,577.99
1931-05-01,578.05
1931-06-01,578.08
1931-07-01,578.08
1931-08-01,577.89
1931-09-01,577.59
1931-10-01,577.49
1931-11-01,577.33
1931-12-01,577.23
1932-01-01,577.23
1932-02-01,577.2
1932-03-01,577.13
1932-04-01,577.26
1932-05-01,577.49
1932-06-01,577.56
1932-07-01,577.59
1932-08-01,577.46
1932-09-01,577.26
1932-10-01,577.0
1932-11-01,576.9
1932-12-01,576.71
1933-01-01,576.57
1933-02-01,576.54
1933-03-01,576.54
1933-04-01,576.87
1933-05-01,577.4
1933-06-01,577.62
1933-07-01,577.69
1933-08-01,577.49
1933-09-01,577.17
1933-10-01,576.87
1933-11-01,576.64
1933-12-01,576.51
1934-01-01,576.44
1934-02-01,576.35
1934-03-01,576.35
1934-04-01,576.57
1934-05-01,576.8
1934-06-01,576.9
1934-07-01,577.0
1934-08-01,576.9
1934-09-01,576.84
1934-10-01,576.64
1934-11-01,576.51
1934-12-01,576.64
1935-01-01,576.57
1935-02-01,576.57
1935-03-01,576.71
1935-04-01,576.94
1935-05-01,577.13
1935-06-01,577.33
1935-07-01,577.59
1935-08-01,577.56
1935-09-01,577.3
1935-10-01,577.13
1935-11-01,577.07
1935-12-01,576.94
1936-01-01,576.87
1936-02-01,576.8
1936-03-01,576.94
1936-04-01,577.17
1936-05-01,577.46
1936-06-01,577.66
1936-07-01,577.62
1936-08-01,577.43
1936-09-01,577.49
1936-10-01,577.4
1936-11-01,577.13
1936-12-01,576.77
1937-01-01,576.84
1937-02-01,576.84
1937-03-01,576.9
1937-04-01,576.97
1937-05-01,577.43
1937-06-01,577.56
1937-07-01,577.62
1937-08-01,577.56
1937-09-01,577.46
1937-10-01,577.17
1937-11-01,576.97
1937-12-01,576.77
1938-01-01,576.64
1938-02-01,576.94
1938-03-01,577.17
1938-04-01,577.69
1938-05-01,577.95
1938-06-01,578.35
1938-07-01,578.51
1938-08-01,578.58
1938-09-01,578.54
1938-10-01,578.35
1938-11-01,578.12
1938-12-01,577.85
1939-01-01,577.66
1939-02-01,577.66
1939-03-01,577.76
1939-04-01,577.92
1939-05-01,578.38
1939-06-01,578.74
1939-07-01,578.9
1939-08-01,578.94
1939-09-01,578.87
1939-10-01,578.58
1939-11-01,578.31
1939-12-01,578.02
1940-01-01,577.72
1940-02-01,577.66
1940-03-01,577.53
1940-04-01,577.56
1940-05-01,577.82
1940-06-01,578.08
1940-07-01,578.25
1940-08-01,578.31
1940-09-01,578.28
1940-10-01,578.05
1940-11-01,577.79
1940-12-01,577.66
1941-01-01,577.69
1941-02-01,577.69
1941-03-01,577.62
1941-04-01,577.72
1941-05-01,577.99
1941-06-01,578.05
1941-07-01,577.95
1941-08-01,577.79
1941-09-01,577.72
1941-10-01,577.82
1941-11-01,577.99
1941-12-01,577.89
1942-01-01,577.82
1942-02-01,577.85
1942-03-01,577.99
1942-04-01,578.38
1942-05-01,578.67
1942-06-01,579.07
1942-07-01,579.13
1942-08-01,579.07
1942-09-01,578.87
1942-10-01,578.67
1942-11-01,578.51
1942-12-01,578.25
1943-01-01,578.25
1943-02-01,578.31
1943-03-01,578.51
1943-04-01,578.84
1943-05-01,579.33
1943-06-01,579.95
1943-07-01,580.31
1943-08-01,580.45
1943-09-01,580.31
1943-10-01,580.05
1943-11-01,579.89
1943-12-01,579.59
1944-01-01,579.3
1944-02-01,579.2
1944-03-01,579.2
1944-04-01,579.3
1944-05-01,579.53
1944-06-01,579.69
1944-07-01,579.79
1944-08-01,579.66
1944-09-01,579.53
1944-10-01,579.4
1944-11-01,579.13
1944-12-01,578.9
1945-01-01,578.61
1945-02-01,578.51
1945-03-01,578.61
1945-04-01,578.9
1945-05-01,579.23
1945-06-01,579.79
1945-07-01,579.99
1945-08-01,579.86
1945-09-01,579.72
1945-10-01,579.59
1945-11-01,579.46
1945-12-01,579.3
1946-01-01,579.27
1946-02-01,579.3
1946-03-01,579.56
1946-04-01,579.72
1946-05-01,579.72
1946-06-01,579.89
1946-07-01,579.95
1946-08-01,579.69
1946-09-01,579.4
1946-10-01,579.04
1946-11-01,578.81
1946-12-01,578.48
1947-01-01,578.35
1947-02-01,578.35
1947-03-01,578.25
1947-04-01,578.71
1947-05-01,579.3
1947-06-01,579.79
1947-07-01,580.05
1947-08-01,580.09
1947-09-01,579.95
1947-10-01,579.79
1947-11-01,579.56
1947-12-01,579.27
1948-01-01,579.0
1948-02-01,578.81
1948-03-01,578.97
1948-04-01,579.43
1948-05-01,579.79
1948-06-01,579.82
1948-07-01,579.79
1948-08-01,579.63
1948-09-01,579.3
1948-10-01,578.74
1948-11-01,578.48
1948-12-01,578.28
1949-01-01,578.08
1949-02-01,578.05
1949-03-01,578.05
1949-04-01,578.28
1949-05-01,578.44
1949-06-01,578.54
1949-07-01,578.67
1949-08-01,578.54
1949-09-01,578.15
1949-10-01,577.89
1949-11-01,577.49
1949-12-01,577.23
1950-01-01,577.3
1950-02-01,577.4
1950-03-01,577.49
1950-04-01,577.99
1950-05-01,578.31
1950-06-01,578.54
1950-07-01,578.81
1950-08-01,578.87
1950-09-01,578.84
1950-10-01,578.74
1950-11-01,578.54
1950-12-01,578.58
1951-01-01,578.54
1951-02-01,578.54
1951-03-01,578.77
1951-04-01,579.33
1951-05-01,579.89
1951-06-01,580.12
1951-07-01,580.41
1951-08-01,580.48
1951-09-01,580.45
1951-10-01,580.48
1951-11-01,580.54
1951-12-01,580.54
1952-01-01,580.54
1952-02-01,580.58
1952-03-01,580.58
1952-04-01,580.97
1952-05-01,581.27
1952-06-01,581.43
1952-07-01,581.56
1952-08-01,581.63
1952-09-01,581.43
1952-10-01,580.91
1952-11-01,580.51
1952-12-01,580.45
1953-01-01,580.22
1953-02-01,580.12
1953-03-01,580.15
1953-04-01,580.41
1953-05-01,580.71
1953-06-01,580.94
1953-07-01,581.1
1953-08-01,581.07
1953-09-01,580.77
1953-10-01,580.45
1953-11-01,580.09
1953-12-01,579.86
1954-01-01,579.49
1954-02-01,579.4
1954-03-01,579.53
1954-04-01,579.76
1954-05-01,580.15
1954-06-01,580.45
1954-07-01,580.58
1954-08-01,580.51
1954-09-01,580.38
1954-10-01,580.64
1954-11-01,580.54
1954-12-01,580.35
1955-01-01,580.15
1955-02-01,579.99
1955-03-01,579.92
1955-04-01,580.12
1955-05-01,580.31
1955-06-01,580.41
1955-07-01,580.31
1955-08-01,580.02
1955-09-01,579.53
1955-10-01,579.2
1955-11-01,578.94
1955-12-01,578.67
1956-01-01,578.44
1956-02-01,578.41
1956-03-01,578.48
1956-04-01,578.64
1956-05-01,579.07
1956-06-01,579.3
1956-07-01,579.46
1956-08-01,579.46
1956-09-01,579.27
1956-10-01,578.9
1956-11-01,578.64
1956-12-01,578.38
1957-01-01,578.15
1957-02-01,578.05
1957-03-01,577.99
1957-04-01,578.08
1957-05-01,578.35
1957-06-01,578.58
1957-07-01,578.84
1957-08-01,578.67
1957-09-01,578.51
1957-10-01,578.22
1957-11-01,578.12
1957-12-01,577.95
1958-01-01,577.92
1958-02-01,577.85
1958-03-01,577.82
1958-04-01,577.89
1958-05-01,577.82
1958-06-01,577.82
1958-07-01,577.92
1958-08-01,577.79
1958-09-01,577.66
1958-10-01,577.36
1958-11-01,577.13
1958-12-01,576.8
1959-01-01,576.61
1959-02-01,576.61
1959-03-01,576.74
1959-04-01,577.17
1959-05-01,577.62
1959-06-01,577.79
1959-07-01,577.82
1959-08-01,577.82
1959-09-01,577.76
1959-10-01,577.76
1959-11-01,577.85
1959-12-01,577.82
1960-01-01,577.89
1960-02-01,577.95
1960-03-01,577.89
1960-04-01,578.22
1960-05-01,579.07
1960-06-01,579.53
1960-07-01,579.79
1960-08-01,579.95
1960-09-01,579.82
1960-10-01,579.53
1960-11-01,579.3
1960-12-01,579.0
1961-01-01,578.67
1961-02-01,578.44
1961-03-01,578.51
1961-04-01,578.61
1961-05-01,578.81
1961-06-01,578.87
1961-07-01,578.94
1961-08-01,578.9
1961-09-01,578.84
1961-10-01,578.67
1961-11-01,578.48
1961-12-01,578.28
1962-01-01,578.08
1962-02-01,577.99
1962-03-01,578.05
1962-04-01,578.28
1962-05-01,578.54
1962-06-01,578.64
1962-07-01,578.61
1962-08-01,578.48
1962-09-01,578.28
1962-10-01,577.99
1962-11-01,577.62
1962-12-01,577.33
1963-01-01,577.07
1963-02-01,576.94
1963-03-01,576.94
1963-04-01,577.23
1963-05-01,577.49
1963-06-01,577.62
1963-07-01,577.56
1963-08-01,577.53
1963-09-01,577.36
1963-10-01,577.1
1963-11-01,576.77
1963-12-01,576.48
1964-01-01,576.21
1964-02-01,576.08
1964-03-01,576.05
1964-04-01,576.15
1964-05-01,576.57
1964-06-01,576.64
1964-07-01,576.71
1964-08-01,576.67
1964-09-01,576.64
1964-10-01,576.44
1964-11-01,576.28
1964-12-01,576.18
1965-01-01,576.12
1965-02-01,576.18
1965-03-01,576.35
1965-04-01,576.67
1965-05-01,577.23
1965-06-01,577.43
1965-07-01,577.49
1965-08-01,577.56
1965-09-01,577.66
1965-10-01,577.76
1965-11-01,577.66
1965-12-01,577.72
1966-01-01,577.76
1966-02-01,577.69
1966-03-01,577.85
1966-04-01,578.08
1966-05-01,578.28
1966-06-01,578.41
1966-07-01,578.35
1966-08-01,578.22
1966-09-01,577.99
1966-10-01,577.69
1966-11-01,577.46
1966-12-01,577.69
1967-01-01,577.66
1967-02-01,577.66
1967-03-01,577.62
1967-04-01,578.18
1967-05-01,578.58
1967-06-01,578.9
1967-07-01,579.07
1967-08-01,579.0
1967-09-01,578.74
1967-10-01,578.54
1967-11-01,578.54
1967-12-01,578.48
1968-01-01,578.38
1968-02-01,578.41
1968-03-01,578.31
1968-04-01,578.58
1968-05-01,578.74
1968-06-01,578.97
1968-07-01,579.23
1968-08-01,579.33
1968-09-01,579.4
1968-10-01,579.3
1968-11-01,579.07
1968-12-01,579.0
1969-01-01,578.97
1969-02-01,578.97
1969-03-01,578.9
1969-04-01,579.2
1969-05-01,579.72
1969-06-01,580.12
1969-07-01,580.51
1969-08-01,580.54
1969-09-01,580.25
1969-10-01,579.99
1969-11-01,579.82
1969-12-01,579.53
1970-01-01,579.36
1970-02-01,579.27
1970-03-01,579.17
1970-04-01,579.33
1970-05-01,579.66
1970-06-01,579.92
1970-07-01,580.05
1970-08-01,579.99
1970-09-01,579.95
1970-10-01,579.82
1970-11-01,579.69
1970-12-01,579.63
1971-01-01,579.49
1971-02-01,579.46
1971-03-01,579.66
1971-04-01,579.92
1971-05-01,580.25
1971-06-01,580.51
1971-07-01,580.58
1971-08-01,580.58
1971-09-01,580.38
1971-10-01,580.18
1971-11-01,579.92
1971-12-01,579.89
1972-01-01,579.82
1972-02-01,579.56
1972-03-01,579.56
1972-04-01,579.79
1972-05-01,580.31
1972-06-01,580.48
1972-07-01,580.68
1972-08-01,580.87
1972-09-01,580.94
1972-10-01,580.81
1972-11-01,580.71
1972-12-01,580.58
1973-01-01,580.64
1973-02-01,580.54
1973-03-01,580.64
1973-04-01,581.04
1973-05-01,581.36
1973-06-01,581.69
1973-07-01,581.69
1973-08-01,581.66
1973-09-01,581.4
1973-10-01,581.14
1973-11-01,580.84
1973-12-01,580.71
1974-01-01,580.54
1974-02-01,580.61
1974-03-01,580.71
1974-04-01,580.94
1974-05-01,581.33
1974-06-01,581.63
1974-07-01,581.76
1974-08-01,581.56
1974-09-01,581.2
1974-10-01,580.84
1974-11-01,580.64
1974-12-01,580.41
1975-01-01,580.28
1975-02-01,580.25
1975-03-01,580.28
1975-04-01,580.45
1975-05-01,580.91
1975-06-01,581.17
1975-07-01,581.2
1975-08-01,581.04
1975-09-01,580.94
1975-10-01,580.54
1975-11-01,580.28
1975-12-01,580.12
1976-01-01,579.92
1976-02-01,579.89
1976-03-01,580.28
1976-04-01,580.77
1976-05-01,581.07
1976-06-01,581.2
1976-07-01,581.2
1976-08-01,580.97
1976-09-01,580.54
1976-10-01,580.05
1976-11-01,579.53
1976-12-01,579.1
1977-01-01,578.81
1977-02-01,578.67
1977-03-01,578.87
1977-04-01,579.27
1977-05-01,579.3
1977-06-01,579.23
1977-07-01,579.27
1977-08-01,579.2
1977-09-01,579.17
1977-10-01,579.07
1977-11-01,579.07
1977-12-01,579.1
1978-01-01,579.0
1978-02-01,578.9
1978-03-01,578.84
1978-04-01,579.1
1978-05-01,579.43
1978-06-01,579.63
1978-07-01,579.69
1978-08-01,579.66
1978-09-01,579.76
1978-10-01,579.72
1978-11-01,579.46
1978-12-01,579.2
1979-01-01,579.1
1979-02-01,579.0
1979-03-01,579.2
1979-04-01,579.76
1979-05-01,580.31
1979-06-01,580.54
1979-07-01,580.64
1979-08-01,580.71
1979-09-01,580.58
1979-10-01,580.31
1979-11-01,580.15
1979-12-01,580.09
1980-01-01,579.99
1980-02-01,579.79
1980-03-01,579.66
1980-04-01,579.95
1980-05-01,580.18
1980-06-01,580.38
1980-07-01,580.48
1980-08-01,580.48
1980-09-01,580.38
1980-10-01,580.12
1980-11-01,579.79
1980-12-01,579.56
1981-01-01,579.36
1981-02-01,579.27
1981-03-01,579.4
1981-04-01,579.63
1981-05-01,579.89
1981-06-01,580.05
1981-07-01,580.12
1981-08-01,580.09
1981-09-01,580.05
1981-10-01,579.82
1981-11-01,579.59
1981-12-01,579.36
1982-01-01,579.1
1982-02-01,578.94
1982-03-01,578.9
1982-04-01,579.27
1982-05-01,579.46
1982-06-01,579.59
1982-07-01,579.69
1982-08-01,579.69
1982-09-01,579.56
1982-10-01,579.46
1982-11-01,579.4
1982-12-01,579.63
1983-01-01,579.63
1983-02-01,579.59
1983-03-01,579.66
1983-04-01,579.92
1983-05-01,580.38
1983-06-01,580.77
1983-07-01,580.77
1983-08-01,580.64
1983-09-01,580.48
1983-10-01,580.28
1983-11-01,579.95
1983-12-01,579.86
1984-01-01,579.72
1984-02-01,579.72
1984-03-01,579.79
1984-04-01,580.09
1984-05-01,580.41
1984-06-01,580.74
1984-07-01,580.91
1984-08-01,580.84
1984-09-01,580.77
1984-10-01,580.58
1984-11-01,580.48
1984-12-01,580.31
1985-01-01,580.31
1985-02-01,580.25
1985-03-01,580.64
1985-04-01,581.17
1985-05-01,581.5
1985-06-01,581.53
1985-07-01,581.46
1985-08-01,581.33
1985-09-01,581.36
1985-10-01,581.23
1985-11-01,581.33
1985-12-01,581.36
1986-01-01,581.17
1986-02-01,581.07
1986-03-01,581.1
1986-04-01,581.46
1986-05-01,581.63
1986-06-01,581.79
1986-07-01,581.99
1986-08-01,581.99
1986-09-01,581.96
1986-10-01,582.35
1986-11-01,581.96
1986-12-01,581.56
1987-01-01,581.3
1987-02-01,581.04
1987-03-01,580.91
1987-04-01,580.94
1987-05-01,580.91
1987-06-01,580.94
1987-07-01,580.84
1987-08-01,580.68
1987-09-01,580.38
1987-10-01,580.02
1987-11-01,579.72
1987-12-01,579.66
1988-01-01,579.49
1988-02-01,579.4
1988-03-01,579.3
1988-04-01,579.63
1988-05-01,579.72
1988-06-01,579.63
1988-07-01,579.43
1988-08-01,579.3
1988-09-01,579.0
1988-10-01,578.81
1988-11-01,578.84
1988-12-01,578.81
1989-01-01,578.67
1989-02-01,578.51
1989-03-01,578.48
1989-04-01,578.77
1989-05-01,578.87
1989-06-01,579.27
1989-07-01,579.3
1989-08-01,579.2
1989-09-01,578.97
1989-10-01,578.54
1989-11-01,578.31
1989-12-01,578.02
1990-01-01,577.92
1990-02-01,577.95
1990-03-01,578.05
1990-04-01,578.31
1990-05-01,578.58
1990-06-01,578.87
1990-07-01,579.1
1990-08-01,579.04
1990-09-01,578.9
1990-10-01,578.77
1990-11-01,578.71
1990-12-01,578.71
1991-01-01,578.61
1991-02-01,578.44
1991-03-01,578.51
1991-04-01,579.0
1991-05-01,579.4
1991-06-01,579.59
1991-07-01,579.53
1991-08-01,579.36
1991-09-01,579.0
1991-10-01,578.74
1991-11-01,578.67
1991-12-01,578.74
1992-01-01,578.67
1992-02-01,578.61
1992-03-01,578.67
1992-04-01,578.87
1992-05-01,579.17
1992-06-01,579.13
1992-07-01,579.2
1992-08-01,579.17
1992-09-01,579.13
1992-10-01,579.04
1992-11-01,579.13
1992-12-01,579.2
1993-01-01,579.2
1993-02-01,579.1
1993-03-01,579.0
1993-04-01,579.33
1993-05-01,579.72
1993-06-01,580.12
1993-07-01,580.41
1993-08-01,580.31
1993-09-01,580.15
1993-10-01,579.92
1993-11-01,579.72
1993-12-01,579.53
1994-01-01,579.3
1994-02-01,579.27
1994-03-01,579.36
1994-04-01,579.49
1994-05-01,579.72
1994-06-01,579.79
1994-07-01,580.12
1994-08-01,580.09
1994-09-01,579.99
1994-10-01,579.76
1994-11-01,579.59
1994-12-01,579.36
1995-01-01,579.17
1995-02-01,579.04
1995-03-01,578.97
1995-04-01,579.04
1995-05-01,579.33
1995-06-01,579.53
1995-07-01,579.49
1995-08-01,579.53
1995-09-01,579.23
1995-10-01,578.94
1995-11-01,578.87
1995-12-01,578.77
1996-01-01,578.64
1996-02-01,578.71
1996-03-01,578.71
1996-04-01,578.94
1996-05-01,579.49
1996-06-01,579.92
1996-07-01,580.15
1996-08-01,580.18
1996-09-01,580.12
1996-10-01,580.05
1996-11-01,580.02
1996-12-01,579.95
1997-01-01,580.02
1997-02-01,580.12
1997-03-01,580.35
1997-04-01,580.54
1997-05-01,580.94
1997-06-01,581.14
1997-07-01,581.33
1997-08-01,581.23
1997-09-01,581.1
1997-10-01,580.77
1997-11-01,580.35
1997-12-01,579.99
1998-01-01,579.86
1998-02-01,579.76
1998-03-01,579.86
1998-04-01,580.35
1998-05-01,580.41
1998-06-01,580.38
1998-07-01,580.31
1998-08-01,580.05
1998-09-01,579.66
1998-10-01,579.23
1998-11-01,578.87
1998-12-01,578.61
1999-01-01,578.31
1999-02-01,578.35
1999-03-01,578.22
1999-04-01,578.25
1999-05-01,578.35
1999-06-01,578.54
1999-07-01,578.74
1999-08-01,578.61
1999-09-01,578.22
1999-10-01,577.89
1999-11-01,577.56
1999-12-01,577.4
2000-01-01,577.17
2000-02-01,577.0
2000-03-01,577.1
2000-04-01,577.17
2000-05-01,577.43
2000-06-01,577.76
2000-07-01,577.85
2000-08-01,577.85
2000-09-01,577.72
2000-10-01,577.36
2000-11-01,577.07
2000-12-01,576.8
2001-01-01,576.67
2001-02-01,576.71
2001-03-01,576.71
2001-04-01,576.94
2001-05-01,577.26
2001-06-01,577.62
2001-07-01,577.59
2001-08-01,577.53
2001-09-01,577.46
2001-10-01,577.53
2001-11-01,577.59
2001-12-01,577.59
2002-01-01,577.4
2002-02-01,577.26
2002-03-01,577.4
2002-04-01,577.62
2002-05-01,578.05
2002-06-01,578.38
2002-07-01,578.51
2002-08-01,578.48
2002-09-01,578.22
2002-10-01,577.89
2002-11-01,577.46
2002-12-01,577.13
2003-01-01,576.84
2003-02-01,576.61
2003-03-01,576.54
2003-04-01,576.84
2003-05-01,577.17
2003-06-01,577.43
2003-07-01,577.56
2003-08-01,577.49
2003-09-01,577.23
2003-10-01,577.0
2003-11-01,577.07
2003-12-01,577.1
2004-01-01,577.0
2004-02-01,576.9
2004-03-01,577.1
2004-04-01,577.36
2004-05-01,577.82
2004-06-01,578.44
2004-07-01,578.64
2004-08-01,578.51
2004-09-01,578.35
2004-10-01,577.92
2004-11-01,577.76
2004-12-01,577.69
2005-01-01,577.69
2005-02-01,577.76
2005-03-01,577.76
2005-04-01,577.89
2005-05-01,578.05
2005-06-01,578.12
2005-07-01,578.05
2005-08-01,577.99
2005-09-01,577.72
2005-10-01,577.43
2005-11-01,577.2
2005-12-01,577.03
2006-01-01,577.03
2006-02-01,577.17
2006-03-01,577.2
2006-04-01,577.46
2006-05-01,577.72
2006-06-01,577.89
2006-07-01,577.89
2006-08-01,577.85
2006-09-01,577.56
2006-10-01,577.4
2006-11-01,577.23
2006-12-01,577.36
2007-01-01,577.43
2007-02-01,577.13
2007-03-01,577.17
2007-04-01,577.49
2007-05-01,577.62
2007-06-01,577.69
2007-07-01,577.59
2007-08-01,577.43
2007-09-01,577.26
2007-10-01,577.03
2007-11-01,576.67
2007-12-01,576.38
2008-01-01,576.44
2008-02-01,576.64
2008-03-01,576.71
2008-04-01,577.17
2008-05-01,577.56
2008-06-01,577.95
2008-07-01,578.22
2008-08-01,578.15
2008-09-01,578.02
2008-10-01,577.72
2008-11-01,577.43
2008-12-01,577.33
2009-01-01,577.46
2009-02-01,577.46
2009-03-01,577.72
2009-04-01,578.08
2009-05-01,578.54
2009-06-01,578.81
2009-07-01,578.87
2009-08-01,578.87
2009-09-01,578.64
2009-10-01,578.38
2009-11-01,578.31
2009-12-01,578.15
2010-01-01,577.92
2010-02-01,577.79
2010-03-01,577.72
2010-04-01,577.79
2010-05-01,577.85
2010-06-01,578.05
2010-07-01,578.28
2010-08-01,578.22
2010-09-01,577.95
2010-10-01,577.66
2010-11-01,577.3
2010-12-01,576.97
2011-01-01,576.8
2011-02-01,576.71
2011-03-01,576.8
2011-04-01,577.13
2011-05-01,577.76
2011-06-01,578.12
2011-07-01,578.28
2011-08-01,578.22
2011-09-01,577.85
2011-10-01,577.69
2011-11-01,577.66
2011-12-01,577.56
2012-01-01,577.4
2012-02-01,577.3
2012-03-01,577.43
2012-04-01,577.53
2012-05-01,577.59
2012-06-01,577.66
2012-07-01,577.56
2012-08-01,577.33
2012-09-01,576.97
2012-10-01,576.57
2012-11-01,576.38
2012-12-01,576.15
2013-01-01,576.02
2013-02-01,576.15
2013-03-01,576.21
2013-04-01,576.61
2013-05-01,577.2
2013-06-01,577.59
2013-07-01,577.72
2013-08-01,577.69
2013-09-01,577.56
2013-10-01,577.46
2013-11-01,577.46
2013-12-01,577.33
2014-01-01,577.26
2014-02-01,577.26
2014-03-01,577.26
2014-04-01,577.62
2014-05-01,578.31
2014-06-01,578.67
2014-07-01,578.94
2014-08-01,579.0
2014-09-01,579.1
2014-10-01,579.2
2014-11-01,579.2
2014-12-01,579.17
2015-01-01,579.1
2015-02-01,579.07
2015-03-01,579.0
2015-04-01,579.17
2015-05-01,579.36
2015-06-01,579.66
2015-07-01,579.82
2015-08-01,579.79
2015-09-01,579.72
2015-10-01,579.33
2015-11-01,579.2
2015-12-01,579.23
2016-01-01,579.3
2016-02-01,579.27
2016-03-01,579.43
2016-04-01,579.95
2016-05-01,580.12
2016-06-01,580.18
2016-07-01,580.18
2016-08-01,580.12
2016-09-01,579.99
2016-10-01,579.69
2016-11-01,579.36
2016-12-01,579.1
2017-01-01,578.97
2017-02-01,579.0
2017-03-01,579.17
2017-04-01,579.59
2017-05-01,580.05
2017-06-01,580.31
2017-07-01,580.68
2017-08-01,580.71
2017-09-01,580.48
2017-10-01,580.28
2017-11-01,580.22
2017-12-01,580.02
2018-01-01,579.82
2018-02-01,579.86
2018-03-01,579.92
2018-04-01,580.02
2018-05-01,580.45
2018-06-01,580.64
2018-07-01,580.64
2018-08-01,580.51
2018-09-01,580.51
2018-10-01,580.35
2018-11-01,580.25
2018-12-01,580.15
2019-01-01,580.05
2019-02-01,580.12
2019-03-01,580.22
2019-04-01,580.58
2019-05-01,581.27
2019-06-01,581.73
2019-07-01,581.92
2019-08-01,581.76
2019-09-01,581.59
2019-10-01,581.63
2019-11-01,581.56
2019-12-01,581.5
2020-01-01,581.56
2020-02-01,581.5
2020-03-01,581.43
2020-04-01,581.66
2020-05-01,581.92
2020-06-01,582.15
2020-07-01,582.19
2020-08-01,582.09
2020-09-01,581.82
2020-10-01,581.53
2020-11-01,581.36
2020-12-01,581.17
2021-01-01,580.91
2021-02-01,580.68
2021-03-01,580.51
2021-04-01,580.51
2021-05-01,580.54
2021-06-01,580.48
2021-07-01,580.71
2021-08-01,580.74
2021-09-01,580.48
2021-10-01,580.38
2021-11-01,579.95
2021-12-01,579.69
2022-01-01,579.4
2022-02-01,579.2
2022-03-01,579.17
2022-04-01,579.59
2022-05-01,579.89
2022-06-01,580.05
2022-07-01,580.09
2022-08-01,580.02
2022-09-01,579.76
2022-10-01,579.4
2022-11-01,579.23
2022-12-01,578.94
2023-01-01,578.84
2023-02-01,578.77
2023-03-01,578.84
2023-04-01,579.27
2023-05-01,579.69
2023-06-01,579.66
2023-07-01,579.72
2023-08-01,579.72
2023-09-01,579.53
2023-10-01,579.27
2023-11-01,579.1
2023-12-01,578.87
